pair,and_coverage_all,and_coverage_singlets,delta
FOLH1+PSCA,0.10447422212128095,0.10323596792668957,-0.0012382541945913789
FOLH1+STEAP1,0.6770833333333333,0.6872707263389581,0.010187393005624878
STEAP1+STEAP2,0.858116738959664,0.8545950554134698,-0.0035216835461941987
